Title,Writer,Date Written,Number of Comments,Number of Likes,Link to Article
Seasons greetings 2023 from PlayStation.Blog and friends,"O’Dell Harmon Jr. (he/him)Specialist, Content Communications, SIE","Date published:December 15, 2023",17,150,https://blog.playstation.com/2023/12/15/seasons-greetings-2023-from-playstation-blog-and-friends/
PS Blog Game of the Year Awards 2023: voting is now open,"Gillen McAllister (he/him)Manager, Content Communications, SIE","Date published:December 13, 2023",106,"2,286",https://blog.playstation.com/2023/12/13/ps-blog-game-of-the-year-awards-2023-voting-is-now-open/
"Tekken 8: hands-on with Arcade Quest, Super Ghost Battles, and Tekken Ball","O’Dell Harmon Jr. (he/him)Specialist, Content Communications, SIE","Date published:December 12, 2023",6,89,https://blog.playstation.com/2023/12/12/tekken-8-hands-on-with-arcade-quest-super-ghost-battles-and-tekken-ball/
"Alan Wake 2 gets New Game Plus mode titled The Final Draft, available today","Sam LakeCreative Director, Remedy Entertainment","Date published:December 11, 2023",4,123,https://blog.playstation.com/2023/12/11/alan-wake-2-gets-new-game-plus-mode-titled-the-final-draft-available-today/
Share of the Week: Fortnite,"Kristen Zitani (she/her)Content Communications Specialist, SIE","Date published:December 8, 2023",2,51,https://blog.playstation.com/2023/12/08/share-of-the-week-fortnite/
The Finals launches on PS5 today,Dusty GustafssonCX Lead at Embark Studios,"Date published:December 7, 2023",4,68,https://blog.playstation.com/2023/12/07/the-finals-launches-on-ps5-today/
"Final Fantasy XVI: two new story DLCs announced, first launches today","Clara Hertzog (she/her)Content Communications Specialist, PlayStation","Date published:December 7, 2023",12,227,https://blog.playstation.com/2023/12/07/final-fantasy-xvi-two-new-story-dlcs-announced-first-launches-today/
Rise of the Ronin arrives only on PS5 March 22,"Fumihiko YasudaDirector and President, Team Ninja","Date published:December 7, 2023",17,222,https://blog.playstation.com/2023/12/07/rise-of-the-ronin-arrives-only-on-ps5-march-22/
"God of War Ragnarök: Valhalla DLC revealed, coming December 12","Grace OrladyLead Community Manager, Santa Monica Studio","Date published:December 7, 2023",56,860,https://blog.playstation.com/2023/12/07/god-of-war-ragnarok-valhalla-dlc-revealed-coming-december-12/
"First hands-on details: Fortnite Festival, Rocket Racing, and LEGO Fortnite",De’Angelo EppsPlayStation Blog Correspondent,"Date published:December 7, 2023",9,107,https://blog.playstation.com/2023/12/07/first-hands-on-details-lego-fortnite/
Expanding the Avatar franchise with Avatar: Frontiers of Pandora,"Lucy O’BrienDirector, Editorial Communications, Ubisoft","Date published:December 6, 2023",9,81,https://blog.playstation.com/2023/12/06/expanding-the-avatar-franchise-with-avatar-frontiers-of-pandora/
Celebrating inclusivity: Access controller for PS5 launches today,"Hideaki NishinoSenior Vice President, Platform Experience, SIE","Date published:December 6, 2023",8,88,https://blog.playstation.com/2023/12/06/celebrating-inclusivity-access-controller-for-ps5-launches-today/
"The Last of Us Part II Remastered: Exploring the roguelike survival mode, No Return","Jonathon DornbushEditorial Content Manager, Naughty Dog","Date published:December 5, 2023",25,123,https://blog.playstation.com/2023/12/05/the-last-of-us-part-ii-remastered-exploring-the-roguelike-survival-mode-no-return/
The Access controller for PS5 starter’s guide,"Sid Shuman (he/him)Senior Director, SIE Content Communications","Date published:December 4, 2023",4,83,https://blog.playstation.com/2023/12/04/the-access-controller-for-ps5-starters-guide/
Share of the Week: Emotions,"Kristen Zitani (she/her)Content Communications Specialist, SIE","Date published:December 1, 2023",0,78,https://blog.playstation.com/2023/12/01/share-of-the-week-emotions/
Players’ Choice: Like a Dragon Gaiden: The Man Who Erased His Name voted November’s best new game,"O’Dell Harmon Jr. (he/him)Specialist, Content Communications, SIE","Date published:December 1, 2023",8,91,https://blog.playstation.com/2023/12/01/players-choice-vote-for-novembers-best-new-game/
"Born of Bread, home-cooked turn-based RPG rises December 5 on PS5","Gabriel Bolduc DufourArt Director, WildArts Studio","Date published:December 1, 2023",1,54,https://blog.playstation.com/2023/12/01/born-of-bread-home-cooked-turn-based-rpg-rises-december-5-on-ps5/
"Unravel the gameplay loop of Pacific Drive, launching on PS5 Feb 22","Blake DoveCommunications and Marketing Specialist, Ironwood Studios","Date published:November 30, 2023",3,71,https://blog.playstation.com/2023/11/30/unravel-the-gameplay-loop-of-pacific-drive-launching-on-ps5-feb-22/
"First gameplay details on new Penny’s Big Breakaway boss, Mr. Q","Brad FlickDesign Director, Evening Star","Date published:November 30, 2023",2,48,https://blog.playstation.com/2023/11/30/first-gameplay-details-on-new-pennys-big-breakaway-boss-mr-q/
"Full details on Call of Duty: Modern Warfare III and Warzone Season 1, out December 6","Daniel NoelWriter, Activision","Date published:November 30, 2023",10,28,https://blog.playstation.com/2023/11/30/full-details-on-call-of-duty-modern-warfare-iii-and-warzone-season-1-out-december-6/
The Gran Turismo World Series 2023 concludes in Barcelona starting Dec 1,"Ken ChanSr Product Manager, SIE","Date published:November 29, 2023",1,49,https://blog.playstation.com/2023/11/29/the-gran-turismo-world-series-2023-concludes-in-barcelona-starting-dec-1/
"Dragon’s Dogma 2 arrives March 22, 2024 on PS5","Ken MendozaPromotion Producer, Capcom","Date published:November 28, 2023",14,118,https://blog.playstation.com/2023/11/28/dragons-dogma-2-arrives-march-22-2024-on-ps5/
"Destiny 2 x The Witcher collab details revealed, available today","Tim Turi (he/him)Content Communications Manager, SIE","Date published:November 28, 2023",1,41,https://blog.playstation.com/2023/11/28/destiny-2-x-the-witcher-collab-details-revealed-available-today/
Five Nights at Freddy’s: Help Wanted 2 seeks new employees December 14,"Ray McCaffreyExecutive Producer, Steel Wool Studios","Date published:November 20, 2023",18,263,https://blog.playstation.com/2023/11/20/five-nights-at-freddys-help-wanted-2-seeks-new-employees-december-14/
"The top three Call of Duty: Modern Warfare III maps, according to PlayStation players","David HodgsonEditorial Manager, Activision","Date published:November 20, 2023",7,40,https://blog.playstation.com/2023/11/20/the-top-three-call-of-duty-modern-warfare-iii-maps-according-to-playstation-players/
Share of the Week: Marvel’s Spider-Man 2 – Miles Morales,"Kristen Zitani (she/her)Content Communications Specialist, SIE","Date published:November 17, 2023",1,175,https://blog.playstation.com/2023/11/17/share-of-the-week-marvels-spider-man-2-miles-morales/
Monarch: Legacy of Monsters hits Apple TV+ today – Director Q&A,"Tim Turi (he/him)Content Communications Manager, SIE","Date published:November 17, 2023",9,65,https://blog.playstation.com/2023/11/17/monarch-legacy-of-monsters-hits-apple-tv-today-director-qa/
Horizon Forbidden West: Seeds of Rebellion – new gameplay and story details on the upcoming tabletop adventure,"Chante GoodmanSenior Community Manager, Guerrilla","Date published:November 17, 2023",2,192,https://blog.playstation.com/2023/11/17/horizon-forbidden-west-seeds-of-rebellion-new-gameplay-and-story-details-on-the-upcoming-tabletop-adventure/
How Suicide Squad: Kill the Justice League taps into PS5’s immersive power,"Darroch BrownCommunity Manager, Rocksteady Studios","Date published:November 15, 2023",13,216,https://blog.playstation.com/2023/11/15/how-suicide-squad-kill-the-justice-league-taps-into-ps5s-immersive-power/
New Access controller accessibility consultants spotlight video and setup tutorials,"Isabelle TomatisVice President, Global Marketing, SIE","Date published:November 14, 2023",4,141,https://blog.playstation.com/2023/11/14/new-access-controller-accessibility-consultants-spotlight-video-and-setup-tutorials/
Avatar: Frontiers of Pandora utilizes PS5’s unique features to become Na’vi,"Lucy O’BrienDirector, Editorial Communications, Ubisoft","Date published:November 13, 2023",9,82,https://blog.playstation.com/2023/11/13/avatar-frontiers-of-pandora-utilizes-ps5s-unique-features-to-become-navi/
Tekken 8 game director reveals details on new characters Reina and Victor,"Kohei IkedaTekken 8 Director, Bandai Namco Studios","Date published:November 12, 2023",4,83,https://blog.playstation.com/2023/11/12/tekken-8-game-director-reveals-details-on-new-characters-reina-and-victor/
Share of the Week: Marvel’s Spider-Man 2 – Peter Parker,"Kristen Zitani (she/her)Content Communications Specialist, SIE","Date published:November 10, 2023",3,110,https://blog.playstation.com/2023/11/10/share-of-the-week-marvels-spider-man-2-peter-parker/
Celebrating the one-year anniversary of God of War Ragnarök,"Grace OrladyLead Community Manager, Santa Monica Studio","Date published:November 9, 2023",4,142,https://blog.playstation.com/2023/11/09/celebrating-the-one-year-anniversary-of-god-of-war-ragnarok/
Call of Duty: Modern Warfare III launches Nov 10 — insider tips to get started,"David HodgsonEditorial Manager, Activision","Date published:November 8, 2023",12,42,https://blog.playstation.com/2023/11/08/call-of-duty-modern-warfare-iii-launches-nov-10-insider-tips-to-get-started/
PlayStation Store: October 2023’s top downloads,Justin CorriePlayStation Blog Correspondent,"Date published:November 8, 2023",7,87,https://blog.playstation.com/2023/11/08/playstation-store-october-2023s-top-downloads/
"Celebrating the holiday season with blockbuster games, new hardware products, and more PS5 console inventory than ever before","Andrea PerezSenior Vice President, Brand, Product & Services Marketing","Date published:November 7, 2023",82,313,https://blog.playstation.com/2023/11/07/celebrating-the-holiday-season-with-blockbuster-games-new-hardware-products-and-more-ps5-console-inventory-than-ever-before/
Share of the Week: Marvel’s Spider-Man 2,"Kristen Zitani (she/her)Content Communications Specialist, SIE","Date published:November 3, 2023",3,115,https://blog.playstation.com/2023/11/03/share-of-the-week-marvels-spider-man-2/
Honkai: Star Rail Version 1.5 unveils ghost-hunting adventures on the Xianzhou Luofu – live Nov 15,"Yang YuTechnical Lead, Hoyoverse","Date published:November 3, 2023",2,47,https://blog.playstation.com/2023/11/03/honkai-star-rail-version-1-5-unveils-ghost-hunting-adventures-on-the-xianzhou-luofu-live-nov-15/
Fortnite honors its past in Chapter 4 Season OG,"Ryan BrosekerSenior Marketing Manager, Epic Games","Date published:November 3, 2023",6,77,https://blog.playstation.com/2023/11/03/fortnite-honors-its-past-in-chapter-4-season-og/
Players’ Choice: Marvel’s Spider-Man 2 voted October’s best new game,"O’Dell Harmon Jr. (he/him)Specialist, Content Communications, SIE","Date published:November 1, 2023",43,350,https://blog.playstation.com/2023/11/01/players-choice-vote-for-octobers-best-new-game-3/
PlayStation Stars campaigns and digital collectibles for November 2023,"Grace ChenVice President, Network Advertising, Loyalty & Licensed Merchandise","Date published:November 1, 2023",37,101,https://blog.playstation.com/2023/11/01/playstation-stars-campaigns-and-digital-collectibles-for-november-2023/
"Gran Turismo 7 update with SPEC II 1.40 arrives today – new cars, track, and features","Ken ChanSr Product Manager, SIE","Date published:November 1, 2023",29,190,https://blog.playstation.com/2023/11/01/gran-turismo-7-update-with-spec-ii-1-40-arrives-today-new-cars-track-and-features/
How Modern Warfare III devs brought new Operator Lockpick to life,"David HodgsonEditorial Manager, Activision","Date published:October 31, 2023",7,30,https://blog.playstation.com/2023/10/31/how-modern-warfare-iii-devs-brought-new-operator-lockpick-to-life/
"The Foglands delivers immersive, atmospheric roguelite action today on PS VR2 and PS5","Andrew ThompsonCTO, Well Told Entertainment","Date published:October 31, 2023",5,52,https://blog.playstation.com/2023/10/31/the-foglands-delivers-immersive-atmospheric-roguelite-action-today-on-ps-vr2-and-ps5/
Taking to the skies in Avatar: Frontiers of Pandora – hands-on report,Heidi Kemps (she/her)PlayStation Blog Correspondent,"Date published:October 30, 2023",7,75,https://blog.playstation.com/2023/10/30/taking-to-the-skies-in-avatar-frontiers-of-pandora-hands-on-report/
How EA Sports WRC brings realism to rally driving on PS5– out Nov 3,"Jon ArmstrongRally Driver and Games Designer, Codemasters","Date published:October 30, 2023",17,49,https://blog.playstation.com/2023/10/30/how-ea-sports-wrc-brings-realism-to-rally-driving-on-ps5-out-nov-3/
How Star Ocean: The Second Story R modernizes a classic PlayStation adventure 25 years later,"Kei KomakiProducer, Square Enix","Date published:October 26, 2023",9,95,https://blog.playstation.com/2023/10/26/how-star-ocean-the-second-story-r-modernizes-a-classic-playstation-adventure-25-years-later/
Share of the Week: Assassin’s Creed Mirage – Basim,"Kristen Zitani (she/her)Content Communications Specialist, SIE","Date published:October 20, 2023",2,55,https://blog.playstation.com/2023/10/20/share-of-the-week-assassins-creed-mirage-basim/
"Marvel’s Spider-Man 2 launch interview: Bryan Intihar on the game’s opening sequence, ASL, accessibility options, and more","Gillen McAllister (he/him)Manager, Content Communications, SIE","Date published:October 20, 2023",10,152,https://blog.playstation.com/2023/10/20/marvels-spider-man-2-launch-interview-bryan-intihar-on-the-games-opening-sequence-asl-accessibility-options-and-more/
Metal Gear Solid 25th Anniversary: The evolution of the iconic stealth-action series,Heidi Kemps (she/her)PlayStation Blog Correspondent,"Date published:October 20, 2023",15,113,https://blog.playstation.com/2023/10/20/metal-gear-solid-25th-anniversary-the-evolution-of-the-iconic-stealth-action-series/
Marvel’s Spider-Man 2 Photo Mode features detailed: tips to get started,"Gillen McAllister (he/him)Manager, Content Communications, SIE","Date published:October 19, 2023",9,158,https://blog.playstation.com/2023/10/19/marvels-spider-man-2-photo-mode-features-detailed-tips-to-get-started/
Mail Time: cozy cottagecore adventure delivered to PS5 and PS4 October 19,"Katie VanClieafSocial Media Manager, Freedom Games","Date published:October 17, 2023",2,53,https://blog.playstation.com/2023/10/17/mail-time-cozy-cottagecore-adventure-delivered-to-ps5-and-ps4-october-19/
Share of the Week: Assassin’s Creed Mirage,"Kristen Zitani (she/her)Content Communications Specialist, SIE","Date published:October 13, 2023",3,62,https://blog.playstation.com/2023/10/13/share-of-the-week-assassins-creed-mirage/
Scaling up in Marvel’s Spider-Man 2: how Insomniac created a new version of Lizard,Heidi Kemps (she/her)PlayStation Blog Correspondent,"Date published:October 12, 2023",13,226,https://blog.playstation.com/2023/10/12/scaling-up-in-marvels-spider-man-2-how-insomniac-created-a-new-version-of-lizard/
Players’ Choice: Baldur’s Gate 3 voted September’s best new game,"O’Dell Harmon Jr. (he/him)Specialist, Content Communications, SIE","Date published:October 12, 2023",15,206,https://blog.playstation.com/2023/10/12/players-choice-vote-for-septembers-best-new-game-3/
Experience postseason baseball in MLB The Show 23,"Steve PeerSr. Project Manager, San Diego Studio","Date published:October 11, 2023",0,31,https://blog.playstation.com/2023/10/11/experience-postseason-baseball-in-mlb-the-show-23/
New look for PS5 console this holiday season,"Sid Shuman (he/him)Senior Director, SIE Content Communications","Date published:October 10, 2023",389,"1,628",https://blog.playstation.com/2023/10/10/new-look-for-ps5-console-this-holiday-season/
Honkai: Star Rail version 1.4 brings the space-fantasy RPG to PS5 on Oct 10,"Yang YuTechnical Lead, Hoyoverse","Date published:October 9, 2023",14,92,https://blog.playstation.com/2023/10/09/honkai-star-rail-version-1-4-brings-the-space-fantasy-rpg-to-ps5-on-oct-10/
Modern Warfare III Multiplayer hands-on report – combining nostalgia and ultramodern,De’Angelo EppsPlayStation Blog Correspondent,"Date published:October 6, 2023",15,55,https://blog.playstation.com/2023/10/06/modern-warfare-iii-multiplayer-hands-on-report-combining-nostalgia-and-ultramodern/
Share of the Week: Rest,"Kristen Zitani (she/her)Content Communications Specialist, SIE","Date published:October 6, 2023",2,77,https://blog.playstation.com/2023/10/06/share-of-the-week-rest/
"How Lords of the Fallen harnesses immersive PS5 features, out Oct 13","Saul GasconExecutive Producer, Hexworks","Date published:October 6, 2023",14,95,https://blog.playstation.com/2023/10/06/how-lords-of-the-fallen-harnesses-immersive-ps5-features-out-oct-13/
Saltsea Chronicles builds a world of island communities on PS5 Oct 12,"Harry Josephine GilesWriter, Die Gute Fabrik","Date published:October 5, 2023",2,44,https://blog.playstation.com/2023/10/05/saltsea-chronicles-builds-a-world-of-island-communities-on-ps5-oct-12/
The Gecko Gods puzzle-adventure is coming to PlayStation next year,"Jonathan BinnsSenior Brand Manager, Super Rare Games","Date published:October 5, 2023",1,72,https://blog.playstation.com/2023/10/05/the-gecko-gods-puzzle-adventure-is-coming-to-playstation-next-year/
KarmaZoo: Make meaningful connections and find bliss in cooperation November 14,"Isabel WeberCommunity Manager, Pastagames","Date published:October 5, 2023",0,48,https://blog.playstation.com/2023/10/05/karmazoo-make-meaningful-connections-and-find-bliss-in-cooperation-november-14/
New Dredge DLC approaching starboard side November 16,"Nadia ThorneProducer, Black Salt Games","Date published:October 5, 2023",4,61,https://blog.playstation.com/2023/10/05/new-dredge-dlc-approaching-starboard-side-november-16/
"Sony Pictures Core, formerly Bravia Core, launches on PS5 and PS4 consoles; exclusive benefits including early access to select Sony Pictures films","Evan SternSr Director, Global Marketing","Date published:October 5, 2023",125,374,https://blog.playstation.com/2023/10/05/sony-pictures-core-formerly-bravia-core-launches-on-ps5-and-ps4-consoles-exclusive-benefits-including-early-access-to-select-sony-pictures-films/
Horizon Forbidden West Complete Edition arrives Oct 6 on PS5 — bringing the characters to life,"Narae LeeSenior Community Manager, Guerrilla","Date published:October 4, 2023",39,129,https://blog.playstation.com/2023/10/04/horizon-forbidden-west-complete-edition-arrives-oct-6-on-ps5-bringing-the-characters-to-life/
"Fly the PS VR2-powered skies of Project Wingman: Frontline 59, out today","Abi RahmaniLead Developer, Sector D2","Date published:October 3, 2023",47,112,https://blog.playstation.com/2023/10/03/fly-the-ps-vr2-powered-skies-of-project-wingman-frontline-59-out-today/
"Fallout 76’s Atlantic City update: Factions, locations detailed–out December 5 on PS5 and PS4","Parker Wilhelm (he/him)Marketing Content Manager, Bethesda Softworks","Date published:October 2, 2023",5,45,https://blog.playstation.com/2023/10/02/fallout-76s-atlantic-city-update-factions-locations-detailed-out-december-5-on-ps5-and-ps4/
Share of the Week: Moonlight,"Kristen Zitani (she/her)Content Communications Specialist, SIE","Date published:September 29, 2023",0,65,https://blog.playstation.com/2023/09/29/share-of-the-week-moonlight-3/
PlayStation Stars campaigns and digital collectibles for October 2023,"Grace ChenVice President, Network Advertising, Loyalty & Licensed Merchandise","Date published:September 29, 2023",18,102,https://blog.playstation.com/2023/09/29/playstation-stars-campaigns-and-digital-collectibles-for-october-2023/
Marvel’s Spider-Man 2 builds on accessibility in previous titles and introduces new features,"Michele ZorrillaAdvanced Senior UX Researcher, Insomniac Games","Date published:September 28, 2023",24,184,https://blog.playstation.com/2023/09/28/marvels-spider-man-2-builds-on-accessibility-in-previous-titles-and-introduces-new-features/
Teardown is coming to PS5 on November 15,"Marcus DawsonCEO, Tuxedo Labs","Date published:September 28, 2023",8,120,https://blog.playstation.com/2023/09/28/teardown-is-coming-to-ps5-on-november-15/
"Gran Turismo 7 Update 1.38 adds exciting new cars, Extra Menus, and a new Scapes location on Sep 28","Ken ChanSr Product Manager, SIE","Date published:September 27, 2023",10,85,https://blog.playstation.com/2023/09/27/gran-turismo-7-update-1-38-adds-exciting-new-cars-extra-menus-and-a-new-scapes-location-on-sep-28/
Alan Wake 2 hands-on report: illuminating new gameplay details,"Sid Shuman (he/him)Senior Director, SIE Content Communications","Date published:September 27, 2023",4,79,https://blog.playstation.com/2023/09/27/alan-wake-2-hands-on-report-illuminating-new-gameplay-details/
"Baldur’s Gate 3 – Devs share most popular, powerful, and unconventional multiclass builds","Emily GeraProduct Manager, Larian Studios","Date published:September 27, 2023",2,124,https://blog.playstation.com/2023/09/27/baldurs-gate-3-devs-share-most-popular-powerful-and-unconventional-multiclass-builds/
Horizon Forbidden West: Complete Edition is coming to PS5 and PC,"Mathijs de JongeGame Director, Guerrilla","Date published:September 27, 2023",74,174,https://blog.playstation.com/2023/09/27/horizon-forbidden-west-complete-edition-is-coming-to-ps5-and-pc/
Dragon’s Dogma 2 – hands-on report with Capcom’s upcoming PS5 action-RPG,Sachie KobariPlayStation.Blog Japan,"Date published:September 26, 2023",7,99,https://blog.playstation.com/2023/09/26/dragons-dogma-2-hands-on-report-with-capcoms-upcoming-ps5-action-rpg/
Resident Evil 4 VR Mode – PlayStation VR2 hands-on report,Sachie KobariPlayStation.Blog Japan,"Date published:September 26, 2023",17,202,https://blog.playstation.com/2023/09/26/resident-evil-4-vr-mode-playstation-vr2-hands-on-report/
"Paper Beast Enhanced Edition: dynamic textures, atmospheric lighting, expanded sandbox detailed","Eric ChahiCreative Director, Pixel Reef","Date published:September 25, 2023",10,96,https://blog.playstation.com/2023/09/25/paper-beast-enhanced-edition-dynamic-textures-atmospheric-lighting-expanded-sandbox-detailed/
Share of the Week: Baldur’s Gate 3 – Companions,"Kristen Zitani (she/her)Content Communications Specialist, SIE","Date published:September 22, 2023",1,53,https://blog.playstation.com/2023/09/22/share-of-the-week-baldurs-gate-3-companions/
"Final Fantasy VII Rebirth hands-on report – playable Sephiroth, Chocobo exploration, Junon and more","Gillen McAllister (he/him)Manager, Content Communications, SIE","Date published:September 20, 2023",31,149,https://blog.playstation.com/2023/09/20/final-fantasy-vii-rebirth-hands-on-report-playable-sephiroth-chocobo-exploration-junon-and-more/
Star Ocean The Second Story R Hands-on report: A classic RPG reborn,Sachie KobariPlayStation.Blog Japan,"Date published:September 20, 2023",5,85,https://blog.playstation.com/2023/09/20/star-ocean-the-second-story-r-hands-on-report-a-classic-rpg-reborn/
,,,,,https://blog.playstation.com/2023/09/20/playstation-5-console-ea-sports-fc-24-bundle-coming-september-29/
How Marvel’s Spider-Man 2 taps into the power of PS5,"Tim Turi (he/him)Content Communications Manager, SIE","Date published:September 19, 2023",34,205,https://blog.playstation.com/2023/09/19/how-marvels-spider-man-2-taps-into-the-power-of-ps5/
"Marvel’s Spider-Man 2: hands-on report – gameplay details on symbiote powers, combat, PS5 features and more","Gillen McAllister (he/him)Manager, Content Communications, SIE","Date published:September 15, 2023",5,213,https://blog.playstation.com/2023/09/15/marvels-spider-man-2-hands-on-report-gameplay-details-on-symbiote-powers-combat-ps5-features-and-more/
Genshin Impact version 4.1: To the Stars Shining in the Depths out September 27,"Zhenzhong YiStudio Technical Director, HoYoverse","Date published:September 15, 2023",2,69,https://blog.playstation.com/2023/09/15/genshin-impact-version-4-1-to-the-stars-shining-in-the-depths-out-september-27/
Honkai: Star Rail hits PS5 on October 11 — new story and combat details revealed,"Yang YuTechnical Lead, Hoyoverse","Date published:September 14, 2023",11,95,https://blog.playstation.com/2023/09/14/honkai-star-rail-hits-ps5-on-october-11-new-story-and-combat-details-revealed/
Foamstars Open Beta Party launches this month – here’s everything you need to know,"Kosuke OkataniProducer, Square Enix","Date published:September 14, 2023",3,84,https://blog.playstation.com/2023/09/14/foamstars-open-beta-party-launches-this-month-heres-everything-you-need-to-know/
Ghostrunner 2 demo available for PS5 today – new story trailer revealed,"Stephen TakowskyGhostrunner Community Manager, 505 Games","Date published:September 14, 2023",4,94,https://blog.playstation.com/2023/09/14/ghostrunner-2-demo-available-for-ps5-today-new-story-trailer-revealed/
Final Fantasy VII Rebirth: developer interview reveals fresh gameplay details as new trailer debuts at State of Play,"Gillen McAllister (he/him)Manager, Content Communications, SIE","Date published:September 14, 2023",23,310,https://blog.playstation.com/2023/09/14/final-fantasy-vii-rebirth-developer-interview-reveals-fresh-gameplay-details-as-new-trailer-debuts-at-state-of-play/
Tales of Arise – Beyond the Dawn DLC expansion releases Nov 9,"Yusuke TomizawaGeneral Producer, Bandai Namco","Date published:September 14, 2023",10,160,https://blog.playstation.com/2023/09/14/tales-of-arise-beyond-the-dawn-dlc-expansion-releases-nov-9/
"Marvel’s Spider-Man 2: new State of Play trailer, gameplay details","Aaron EspinozaAdvanced Senior Community Manager, Insomniac Games","Date published:September 14, 2023",16,380,https://blog.playstation.com/2023/09/14/marvels-spider-man-2-new-state-of-play-trailer-gameplay-details/
"Helldivers 2 launches February 8, 2024","Katherine BaskinSocial Media and Community Manager, Arrowhead Game Studios","Date published:September 14, 2023",16,191,https://blog.playstation.com/2023/09/14/helldivers-2-launches-february-8-2024/
New Avatar: Frontiers of Pandora trailer reveals details about the hero’s journey,"Chastity VicencioEditorial Communications Manager, Ubisoft","Date published:September 14, 2023",6,161,https://blog.playstation.com/2023/09/14/new-avatar-frontiers-of-pandora-trailer-reveals-details-about-the-heros-journey/
"Resident Evil 4 DLC Separate Ways launches Sept 21, RE4 VR Mode arrives as free DLC this winter","Edvin EdsöPromotion Producer, Capcom","Date published:September 14, 2023",22,195,https://blog.playstation.com/2023/09/14/resident-evil-4-dlc-separate-ways-launches-sept-21-re4-vr-mode-arrives-as-free-dlc-this-winter/
Roblox coming to PlayStation on October 10,"Thai BuiSenior Director of Product, Roblox","Date published:September 14, 2023",130,633,https://blog.playstation.com/2023/09/14/roblox-coming-to-playstation-on-october-10/
Wonderfully weird walking sim Baby Steps toddles onto PlayStation next year,"Maxi BochDeveloper, Baby Steps","Date published:September 14, 2023",5,54,https://blog.playstation.com/2023/09/14/wonderfully-weird-walking-sim-baby-steps-toddles-onto-playstation-next-year/
Tomb Raider I-III Remastered launches Feb 14 on PS4 & PS5,"Matthew RayMarketing Lead, Aspyr","Date published:September 14, 2023",52,432,https://blog.playstation.com/2023/09/14/tomb-raider-i-iii-remastered-launches-feb-14-on-ps4-ps5/
How Mortal Kombat 1’s Invasion mode delivers a “greatest hits” single-player experience,De’Angelo EppsPlayStation Blog Correspondent,"Date published:September 14, 2023",0,52,https://blog.playstation.com/2023/09/14/how-mortal-kombat-1s-invasion-mode-delivers-a-greatest-hits-single-player-experience/
How your choices in Baldur’s Gate 3’s character creator carry through your entire playthrough,"Emily GeraProduct Manager, Larian Studios","Date published:September 14, 2023",2,58,https://blog.playstation.com/2023/09/14/how-your-choices-in-baldurs-gate-3s-character-creator-carry-through-your-entire-playthrough/
Spyro at 25: Insomniac Games and Toys for Bob celebrate 25 years of Spyro the Dragon,"Kenny LennonProduct Manager, Activision Publishing","Date published:September 13, 2023",16,80,https://blog.playstation.com/2023/09/13/spyro-at-25-insomniac-games-and-toys-for-bob-celebrate-25-years-of-spyro-the-dragon/
"PS5 update rolls out globally with new accessibility, audio, and social feature enhancements","Hideaki NishinoSenior Vice President, Platform Experience, SIE","Date published:September 13, 2023",140,388,https://blog.playstation.com/2023/09/13/ps5-update-rolls-out-globally-with-new-accessibility-audio-and-social-feature-enhancements/
Spell crafting combinations in Wizard with a Gun,"Patrick MorganCreative Director, Galvanic Games Inc","Date published:September 12, 2023",3,48,https://blog.playstation.com/2023/09/12/spell-crafting-combinations-in-wizard-with-a-gun/
Share of the Week: Sea of Stars,"Kristen Zitani (she/her)Content Communications Specialist, SIE","Date published:September 8, 2023",18,51,https://blog.playstation.com/2023/09/08/share-of-the-week-sea-of-stars/
Eternights’ Infected Hacker boss battle–full combat gameplay revealed,"Jae YooFounder, Studio Sai","Date published:September 5, 2023",2,84,https://blog.playstation.com/2023/09/05/eternights-infected-hacker-boss-battle-full-combat-gameplay-revealed/
How Baldur’s Gate 3 adapts its expansive RPG gameplay for your DualSense controller,"Emily GeraProduct Manager, Larian Studios","Date published:September 5, 2023",19,137,https://blog.playstation.com/2023/09/05/how-baldurs-gate-3-adapts-its-expansive-rpg-gameplay-for-your-dualsense-controller/
Players’ Choice: Armored Core VI Fires of Rubicon voted August’s best new game,"O’Dell Harmon Jr. (he/him)Specialist, Content Communications, SIE","Date published:September 5, 2023",22,124,https://blog.playstation.com/2023/09/05/players-choice-vote-for-augusts-best-new-game-2/
Share of the Week: Armored Core VI,"Kristen Zitani (she/her)Content Communications Specialist, SIE","Date published:September 1, 2023",8,73,https://blog.playstation.com/2023/09/01/share-of-the-week-armored-core-vi/
Find the right Baldur’s Gate 3 class for you with this starter’s guide,Heidi Kemps (she/her)PlayStation Blog Correspondent,"Date published:September 1, 2023",20,235,https://blog.playstation.com/2023/09/01/find-the-right-baldurs-gate-3-class-for-you-with-this-starters-guide/
New psychedelic Ultros gameplay reveals boss and progression loop,"Mårten BrüggemannGame Design Director, Hadoque","Date published:August 31, 2023",0,63,https://blog.playstation.com/2023/08/31/new-psychedelic-ultros-gameplay-reveals-boss-and-progression-loop/
"MLB The Show 23 Season 4 introduces Snapshot Series, The Great Race of ‘98 Program, and more","Steve PeerSr. Project Manager, San Diego Studio","Date published:August 31, 2023",2,27,https://blog.playstation.com/2023/08/31/mlb-the-show-23-season-4-introduces-snapshot-series-the-great-race-of-98-program-and-more/
A.K.I. slithers into Street Fighter 6 on September 27 – full gameplay details revealed,"Andy WongSr. Manager, Social Media and Community, Capcom","Date published:August 30, 2023",12,86,https://blog.playstation.com/2023/08/30/a-k-i-slithers-into-street-fighter-6-on-september-27-full-gameplay-details-revealed/
"How Tekken 8 harnesses the power of PS5 – out January 26, 2024",Sachie KobariPlayStation.Blog Japan,"Date published:August 29, 2023",12,163,https://blog.playstation.com/2023/08/29/how-tekken-8-harnesses-the-power-of-ps5-out-january-26-2024/
Nour: Play With Your Food is ready to serve PS5 & PS4 on September 12,"Tj HughesCreative Lead, Terrifying Jellyfish","Date published:August 29, 2023",11,112,https://blog.playstation.com/2023/08/29/nour-play-with-your-food-is-ready-to-serve-ps5-ps4-on-september-12/
Share of the Week: Tower of Fantasy,"Kristen Zitani (she/her)Content Communications Specialist, SIE","Date published:August 25, 2023",4,64,https://blog.playstation.com/2023/08/25/share-of-the-week-tower-of-fantasy/
"Fortnite Chapter 4 Season 4: Last Resort arrives today, details revealed","Ryan BrosekerSenior Marketing Manager, Epic Games","Date published:August 25, 2023",3,82,https://blog.playstation.com/2023/08/25/fortnite-chapter-4-season-4-last-resort-arrives-today-details-revealed/
Gran Turismo movie Q&A: Jann Mardenborough’s “gamer to racer” story,"James StavrinidesProject Manager, SIE","Date published:August 24, 2023",11,128,https://blog.playstation.com/2023/08/24/gran-turismo-movie-qa-jann-mardenboroughs-gamer-to-racer-story/
No Man’s Sky celebrates its 7th Anniversary with its largest update of the year: Echoes,"Sean MurrayFounder, Hello Games","Date published:August 24, 2023",20,156,https://blog.playstation.com/2023/08/24/no-mans-sky-celebrates-its-7th-anniversary-with-its-largest-update-of-the-year-echoes/
Hands-on report – Persona 5 Tactica and Persona 3 Reload,Heidi Kemps (she/her)PlayStation Blog Correspondent,"Date published:August 23, 2023",3,61,https://blog.playstation.com/2023/08/23/hands-on-report-persona-5-tactica-and-persona-3-reload/
Hands-on report – Like a Dragon Gaiden: The Man Who Erased His Name and exploring the Castle,Heidi Kemps (she/her)PlayStation Blog Correspondent,"Date published:August 23, 2023",2,70,https://blog.playstation.com/2023/08/23/hands-on-report-like-a-dragon-gaiden-the-man-who-erased-his-name-and-exploring-the-castle/
Mortal Kombat 1’s new Invasion mode is a board game-like RPG,De’Angelo EppsPlayStation Blog Correspondent,"Date published:August 23, 2023",9,108,https://blog.playstation.com/2023/08/23/mortal-kombat-1s-new-invasion-mode-is-a-board-game-like-rpg/
Hands-on report – Granblue Fantasy: Relink hits PS5 & PS4 Feb 1,"O’Dell Harmon Jr. (he/him)Specialist, Content Communications, SIE","Date published:August 22, 2023",3,91,https://blog.playstation.com/2023/08/22/hands-on-report-granblue-fantasy-relink-hits-ps5-ps4-feb-1/
Little Nightmares III introduces co-op to the franchise,"Maya ZianiCommunity Specialist, Bandai Namco Europe","Date published:August 22, 2023",7,190,https://blog.playstation.com/2023/08/22/little-nightmares-iii-introduces-co-op-to-the-franchise/
Destiny 2: The Final Shape and Season of the Witch full details revealed,"Brian EkbergEditorial Lead, Bungie","Date published:August 22, 2023",4,90,https://blog.playstation.com/2023/08/22/destiny-2-the-final-shape-and-season-of-the-witch-full-details-revealed/
"Firewall Ultra launches this week, get a preview of the post-launch roadmap","David JagneauxStrategic Communications Manager, First Contact Entertainment","Date published:August 22, 2023",15,109,https://blog.playstation.com/2023/08/22/firewall-ultra-launches-this-week-get-a-preview-of-the-post-launch-roadmap/
Interview with the creators of Armored Core VI Fires of Rubicon,Sachie KobariPlayStation.Blog Japan,"Date published:August 21, 2023",5,111,https://blog.playstation.com/2023/08/21/interview-with-the-creators-of-armored-core-vi-fires-of-rubicon/
How new NBA 2K24 gameplay features improve newcomer experience – out Sep 8 on PS5 and PS4,Justin CorriePlayStation Blog Correspondent,"Date published:August 21, 2023",12,57,https://blog.playstation.com/2023/08/21/how-new-nba-2k24-gameplay-features-improve-newcomer-experience-out-sep-8-on-ps5-and-ps4/
"Hands-on report: Metal Gear Solid: Master Collection Vol.1, Super Crazy Rhythm Castle, and more","Gillen McAllister (he/him)Manager, Content Communications, SIE","Date published:August 21, 2023",14,94,https://blog.playstation.com/2023/08/21/hands-on-report-metal-gear-solid-master-collection-vol-1super-crazy-rhythm-castle-and-more/
Share of the Week: Heartbreaking,"Kristen Zitani (she/her)Content Communications Specialist, SIE","Date published:August 18, 2023",3,53,https://blog.playstation.com/2023/08/18/share-of-the-week-heartbreaking/
Call of Duty: Modern Warfare III gameplay details revealed,"Daniel NoelWriter, Activision","Date published:August 17, 2023",16,106,https://blog.playstation.com/2023/08/17/call-of-duty-modern-warfare-iii-gameplay-details-revealed/
Experience The First Descendant open beta with immersive DualSense controller features,"Beomjun LeeThe First Descendant’s Producer, Nexon Games","Date published:August 17, 2023",13,188,https://blog.playstation.com/2023/08/17/experience-the-first-descendant-open-beta-with-immersive-dualsense-controller-features/
EA Sports NHL 24 hits PS5 & PS4 on October 6,"Spenser DavisSenior Writer, EA SPORTS","Date published:August 16, 2023",7,47,https://blog.playstation.com/2023/08/16/ea-sports-nhl-24-hits-ps5-ps4-on-october-6/
Megadeth comes to World of Warships and World of Tanks this month,"Sheila JohnsonContent Writer, Wargaming","Date published:August 16, 2023",3,39,https://blog.playstation.com/2023/08/16/megadeth-comes-to-world-of-warships-and-world-of-tanks-this-month/
"Designing Moving Out 2 to be more fun, diverse and inclusive","Dave LockmanSenior Game Designer, SMG Studio","Date published:August 14, 2023",6,39,https://blog.playstation.com/2023/08/14/designing-moving-out-2-to-be-more-fun-diverse-and-inclusive/
"THQ Nordic Showcase 2023 recap – TMNT: The Last Ronin, South Park: Snow Day, Alone in the Dark, and more","Tom MooreMarketing Manager, THQ Nordic","Date published:August 11, 2023",9,97,https://blog.playstation.com/2023/08/11/thq-nordic-showcase-2023-recap-tmnt-the-last-ronin-south-park-snow-day-alone-in-the-dark-and-more/
Share of the Week: Heartwarming,"Kristen Zitani (she/her)Content Communications Specialist, SIE","Date published:August 11, 2023",2,61,https://blog.playstation.com/2023/08/11/share-of-the-week-heartwarming/
Everspace 2’s immersive features allow captivating interstellar travel – out Aug 15,"Lee GuilleCommunications & PR Director, Rockfish Games","Date published:August 11, 2023",5,62,https://blog.playstation.com/2023/08/11/everspace-2s-immersive-features-allow-captivating-interstellar-travel-out-aug-15/
Fast-paced brawls await on Suravasa in Overwatch 2: Invasion-available now,"Craig SimpsonCommunity Specialist, Blizzard Entertainment","Date published:August 10, 2023",0,37,https://blog.playstation.com/2023/08/10/fast-paced-brawls-await-on-suravasa-in-overwatch-2-invasion-available-now/
Quake II returns to PlayStation today with new content and enhancements,"Parker Wilhelm (he/him)Marketing Content Manager, Bethesda Softworks","Date published:August 10, 2023",16,85,https://blog.playstation.com/2023/08/10/quake-ii-returns-to-playstation-today-with-new-content-and-enhancements/
New Lords of the Fallen gameplay details highlight fluid soulsike combat and seamless co-op – out Oct 13,"CallumSocial Media & Community Manager, CI Games","Date published:August 10, 2023",4,94,https://blog.playstation.com/2023/08/10/new-lords-of-the-fallen-gameplay-details-highlight-fluid-soulsike-combat-and-seamless-co-op-out-oct-13/
Players’ Choice: Naraka: Bladepoint voted July’s best new game,"O’Dell Harmon Jr. (he/him)Specialist, Content Communications, SIE","Date published:August 9, 2023",13,120,https://blog.playstation.com/2023/08/09/players-choice-vote-for-julys-best-new-game/
Tekken 8 welcomes Azucena and Raven,"Kohei IkedaTekken 8 Director, Bandai Namco Studios","Date published:August 6, 2023",10,115,https://blog.playstation.com/2023/08/06/tekken-8-welcomes-azucena-and-raven/
Genshin Impact version 4.0 launches August 16 – first details,"Zhenzhong YiStudio Technical Director, HoYoverse","Date published:August 4, 2023",6,107,https://blog.playstation.com/2023/08/04/genshin-impact-version-4-0-launches-august-16-first-details/
"Gran Turismo 7 Update 1.36 adds 4 new cars, three Extra Menus, and a Gran Turismo movie experience","Ken ChanSr Product Manager, SIE","Date published:August 4, 2023",23,151,https://blog.playstation.com/2023/08/04/gran-turismo-7-update-1-36-adds-4-new-cars-three-extra-menus-and-a-gran-turismo-movie-experience/
How Dreams Tren update was inspired by a childhood spent playing with trains – live today,"Liam WisemanOnline Content Editor, Media Molecule","Date published:August 1, 2023",4,97,https://blog.playstation.com/2023/08/01/how-dreams-tren-update-was-inspired-by-a-childhood-spent-playing-with-trains-live-today/
Revealing Jackbox Party Pack 10’s first-ever music game – Dodo Re Mi,"Michelle LeatherbySenior Marketing Lead, Jackbox Games","Date published:August 1, 2023",0,56,https://blog.playstation.com/2023/08/01/revealing-jackbox-party-pack-10s-first-ever-music-game-dodo-re-mi/
The evolution of the Mortal Kombat series,De’Angelo EppsPlayStation Blog Correspondent,"Date published:August 1, 2023",13,115,https://blog.playstation.com/2023/08/01/the-evolution-of-the-mortal-kombat-series/
Wield powerful mindflayer powers in Baldur’s Gate 3 – skills explained,"Emily GeraProduct Manager, Larian Studios","Date published:July 31, 2023",2,98,https://blog.playstation.com/2023/07/31/wield-powerful-mindflayer-powers-in-baldurs-gate-3-skills-explained/
"PS5 beta rolls out today with new accessibility and audio options, social features, and UI enhancements","Hideaki NishinoSenior Vice President, Platform Experience, SIE","Date published:July 31, 2023",299,641,https://blog.playstation.com/2023/07/31/ps5-beta-rolls-out-today-with-new-accessibility-and-audio-options-social-features-and-ui-enhancements/
Share of the Week: Pink,"Kristen Zitani (she/her)Content Communications Specialist, SIE","Date published:July 28, 2023",1,49,https://blog.playstation.com/2023/07/28/share-of-the-week-pink/
"Full intel on Call of Duty: Modern Warfare II and Warzone Season 05, out August 2","Daniel NoelWriter, Activision","Date published:July 27, 2023",4,64,https://blog.playstation.com/2023/07/27/full-intel-on-call-of-duty-modern-warfare-ii-and-warzone-season-05-out-august-2/
Everything happening at Evo 2023,"Louis FigueroaSr. Director, Global Esports and Competitive Gaming, SIE","Date published:July 27, 2023",4,74,https://blog.playstation.com/2023/07/27/everything-happening-at-evo-2023/
Ratchet & Clank: Rift Apart is out now on PC – what to expect,"Julian HuijbregtsOnline Community Specialist, Nixxes Software","Date published:July 26, 2023",30,48,https://blog.playstation.com/2023/07/26/ratchet-clank-rift-apart-is-out-now-on-pc-what-to-expect/
13 unmissable games launching in the second half of 2023,Heidi Kemps (she/her)PlayStation Blog Correspondent,"Date published:July 26, 2023",36,207,https://blog.playstation.com/2023/07/26/13-unmissable-games-launching-in-the-second-half-of-2023/
Tower of Fantasy releases on PS5 August 8 – what to expect in the open-world RPG,"Sky WangLead Designer, Perfect World Games","Date published:July 25, 2023",8,67,https://blog.playstation.com/2023/07/25/tower-of-fantasy-releases-on-ps5-august-8-what-to-expect-in-the-open-world-rpg/
Armored Core VI hands-on: A triumphant return to FromSoftware’s past,De’Angelo EppsPlayStation Blog Correspondent,"Date published:July 25, 2023",4,115,https://blog.playstation.com/2023/07/25/armored-core-vi-hands-on-a-triumphant-return-to-fromsoftwares-past/
Sea of Stars available launch day as a PlayStation Plus Game Catalog title August 29 – demo out today,"Philippe DionneLevel Designer, Sabotage Studio","Date published:July 25, 2023",15,140,https://blog.playstation.com/2023/07/25/sea-of-stars-available-launch-day-as-a-playstation-plus-game-catalog-title-august-29-demo-out-today/
Share of the Week: Noir,"Kristen Zitani (she/her)Content Communications Specialist, SIE","Date published:July 21, 2023",4,69,https://blog.playstation.com/2023/07/21/share-of-the-week-noir/
Upcoming indies from Team 17 – hands-on details,"O’Dell Harmon Jr. (he/him)Specialist, Content Communications, SIE","Date published:July 21, 2023",8,89,https://blog.playstation.com/2023/07/21/upcoming-indies-from-team-17-hands-on-details/
Marvel’s Spider-Man 2: New Story Trailer,"James StevensonCommunity Director, Insomniac Games","Date published:July 20, 2023",26,389,https://blog.playstation.com/2023/07/20/marvels-spider-man-2-new-story-trailer/
First Look: PS5 Console – Marvel’s Spider-Man 2 Limited Edition Bundle,"Andrea PerezSenior Vice President, Brand, Product & Services Marketing","Date published:July 20, 2023",136,"1,251",https://blog.playstation.com/2023/07/20/first-look-ps5-console-marvels-spider-man-2-limited-edition-bundle/
Learn how Wayfinder takes colorful heroes from pages to play – Early Access begins August 15,"Nerium StromContent Marketing Manager, Digital Extremes","Date published:July 20, 2023",3,53,https://blog.playstation.com/2023/07/20/learn-how-wayfinder-takes-colorful-heroes-from-pages-to-play-early-access-begins-august-15/
"Inside Goodbye Volcano High’s creative process, out August 29",Heidi Kemps (she/her)PlayStation Blog Correspondent,"Date published:July 20, 2023",4,73,https://blog.playstation.com/2023/07/20/inside-goodbye-volcano-highs-creative-process-out-august-29/
FFXVI composer Masayoshi Soken’s exclusive look at the soundtrack,"Masayoshi SokenMain Composer, Final Fantasy XVI","Date published:July 19, 2023",8,173,https://blog.playstation.com/2023/07/19/ffxvi-composer-masayoshi-sokens-exclusive-look-at-the-soundtrack/
A new era begins: EA Sports FC 24 launches September 29 on PS4 and PS5,Ulrich WimmerothPS Blog Correspondent,"Date published:July 18, 2023",5,75,https://blog.playstation.com/2023/07/18/a-new-era-begins-ea-sports-fc-24-launches-september-29-on-ps4-and-ps5/
Explore the corruption of Diablo IV’s Malignant Hearts through its effects on Sanctuary,"Joseph PiepioraAssociate Game Director, Blizzard Entertainment","Date published:July 18, 2023",5,37,https://blog.playstation.com/2023/07/18/explore-the-corruption-of-diablo-ivs-malignant-hearts-through-its-effects-on-sanctuary/
Ratchet & Clank: Rift Apart PC specs and new features revealed,"Julian HuijbregtsOnline Community Specialist, Nixxes Software","Date published:July 18, 2023",84,77,https://blog.playstation.com/2023/07/18/ratchet-clank-rift-apart-pc-specs-and-new-features-revealed/
"Reshape reality with your perspective in Viewfinder, out today","Gwen FosterDirector, Sad Owl Studios","Date published:July 18, 2023",1,56,https://blog.playstation.com/2023/07/18/reshape-reality-with-your-perspective-in-viewfinder-out-today/
Share of the Week: Heroes,"Kristen Zitani (she/her)Content Communications Specialist, SIE","Date published:July 14, 2023",1,83,https://blog.playstation.com/2023/07/14/share-of-the-week-heroes/
PlayStation Store’s Summer Sale starts July 19,Peter BodaAssociate Digital Promotions Manager,"Date published:July 14, 2023",25,283,https://blog.playstation.com/2023/07/14/playstation-stores-summer-sale-starts-july-19/
"Prepare for Call of Duty: Modern Warfare II and Call of Duty: Warzone Season 04 Reloaded, out July 12","Daniel NoelWriter, Activision","Date published:July 10, 2023",17,46,https://blog.playstation.com/2023/07/10/prepare-for-call-of-duty-modern-warfare-ii-and-call-of-duty-warzone-season-04-reloaded-out-july-12/
Introducing fully customizable Origin character The Dark Urge in Baldur’s Gate 3,"Emily GeraProduct Manager, Larian Studios","Date published:July 7, 2023",9,122,https://blog.playstation.com/2023/07/07/introducing-fully-customizable-origin-character-the-dark-urge-in-baldurs-gate-3/
Share of the Week: Final Fantasy XVI,"Kristen Zitani (she/her)Content Communications Specialist, SIE","Date published:July 7, 2023",2,92,https://blog.playstation.com/2023/07/07/share-of-the-week-final-fantasy-xvi/
"MLB The Show 23 Season 3 brings All-Star content and rewards, live today","Steve PeerSr. Project Manager, San Diego Studio","Date published:July 7, 2023",1,43,https://blog.playstation.com/2023/07/07/mlb-the-show-23-season-3-brings-all-star-content-and-rewards-live-today/
First details on Helldivers 2 co-op and combat gameplay,"Katherine BaskinSocial Media and Community Manager, Arrowhead Game Studios","Date published:July 6, 2023",25,209,https://blog.playstation.com/2023/07/06/first-details-on-helldivers-2-co-op-and-combat-gameplay/
Naraka: Bladepoint’s new take on battle royale is coming to PS5 on July 13,"Yongcheng LiuNaraka: Bladepoint PS5 Version Lead Producer, NetEase Games","Date published:July 5, 2023",9,98,https://blog.playstation.com/2023/07/05/naraka-bladepoints-new-take-on-battle-royale-is-coming-to-ps5-on-july-13/
Rashid soars into Street Fighter 6 on July 24,"Andy WongSr. Manager, Social Media and Community, Capcom","Date published:July 5, 2023",15,95,https://blog.playstation.com/2023/07/05/rashid-soars-into-street-fighter-6-on-july-24/
PixelJunk Eden 2 swings onto PlayStation 5,Dylan CuthbertGame Director and CEO @ Q-Games,"Date published:July 5, 2023",15,75,https://blog.playstation.com/2023/07/05/pixeljunk-eden-2-swings-onto-playstation-5/
Share of the Week: Joel and Ellie,"Kristen Zitani (she/her)Content Communications Specialist, SIE","Date published:June 30, 2023",7,102,https://blog.playstation.com/2023/06/30/share-of-the-week-joel-and-ellie/
New Fate/Samurai Remnant gameplay showcases a spectacular fight for The Holy Grail,"Ryota MatsushitaFate/Samurai Remnant Director, Koei Tecmo Games","Date published:June 30, 2023",3,85,https://blog.playstation.com/2023/06/30/new-fate-samurai-remnant-gameplay-showcases-a-spectacular-fight-for-the-holy-grail/
Scorn creeps on to PlayStation 5 later this year,"Jovan VučkovićTechnical Artist, Ebb Software","Date published:June 29, 2023",12,123,https://blog.playstation.com/2023/06/29/scorn-creeps-on-to-playstation-5-later-this-year/
"New details on Baldur’s Gate 3 character creation and companions, out September 6","Emily GeraProduct Manager, Larian Studios","Date published:June 29, 2023",20,250,https://blog.playstation.com/2023/06/29/new-details-on-baldurs-gate-3-character-creation-and-companions-out-september-6/
"Gran Turismo 7 Update 1.35 adds 3 exciting new cars, GT Café Menus, and more – out today","Ken ChanSr Product Manager, SIE","Date published:June 28, 2023",16,101,https://blog.playstation.com/2023/06/28/gran-turismo-7-update-1-35-adds-3-exciting-new-cars-gt-cafe-menus-and-more-out-today/
Meet Your Maker’s Sector 1: Dreadshore DLC launches tomorrow,"Justin FragapaneLead Content Strategist, Behaviour Interactive","Date published:June 26, 2023",1,46,https://blog.playstation.com/2023/06/26/meet-your-makers-sector-1-dreadshore-dlc-launches-tomorrow/
How Bonsai Collective brought the characters of Luna Abyss to life,"Laura MauroSenior Writer, Bonsai Collective","Date published:June 26, 2023",1,49,https://blog.playstation.com/2023/06/26/how-bonsai-collective-brought-the-characters-of-luna-abyss-to-life/
Share of the Week: The Last of Us,"Kristen Zitani (she/her)Content Communications Specialist, SIE","Date published:June 23, 2023",4,53,https://blog.playstation.com/2023/06/23/share-of-the-week-the-last-of-us-2/
The Callisto Protocol returns with Final Transmission DLC – first gameplay details revealed,"D. A. SalisburySenior Global Brand Manager, Krafton Inc.","Date published:June 22, 2023",13,140,https://blog.playstation.com/2023/06/22/the-callisto-protocol-returns-with-final-transmission-dlc-first-gameplay-details-revealed/
How Final Fantasy XVI respects the series’ past and embraces the future,Heidi Kemps (she/her)PlayStation Blog Correspondent,"Date published:June 21, 2023",20,273,https://blog.playstation.com/2023/06/21/how-final-fantasy-xvi-respects-the-series-past-and-embraces-the-future/
"Throwdown with Catbat, N. Brio, and N. Tropy in Crash Team Rumble","Daniel NoelWriter, Activision","Date published:June 20, 2023",3,45,https://blog.playstation.com/2023/06/20/throwdown-with-catbat-n-brio-and-n-tropy-in-crash-team-rumble/
How Eternights intertwines its dating and hack ‘n’ slash gameplay,"Jae YooFounder, Studio Sai","Date published:June 20, 2023",3,83,https://blog.playstation.com/2023/06/20/how-eternights-intertwines-its-dating-and-hack-n-slash-gameplay/
How Harmony: The Fall of Reverie’s Augural system brings the magic of clairvoyance to your choices,"Maxime MozeLead Game Designer, DON’T NOD","Date published:June 20, 2023",0,31,https://blog.playstation.com/2023/06/20/how-harmony-the-fall-of-reveries-augural-system-brings-the-magic-of-clairvoyance-to-your-choices/
"Tower of Fantasy launches on Aug 8, new character Liu Huo revealed","Sky WangLead Designer, Perfect World Games","Date published:June 19, 2023",12,55,https://blog.playstation.com/2023/06/19/tower-of-fantasy-launches-on-aug-8-new-character-liu-huo-revealed/
How Coin Crew entered digital gaming with Escape Academy,Blair Lachlan ScottWriter & Producer at Coin Crew Games,"Date published:June 16, 2023",3,26,https://blog.playstation.com/2023/06/16/how-coin-crew-entered-digital-gaming-with-escape-academy/
The Elder Scrolls Online developer reveals the Arcanist class’ new skill lines,"Dominic DaviesLead Content Manager, Zenimax Online Studios","Date published:June 15, 2023",2,29,https://blog.playstation.com/2023/06/15/the-elder-scrolls-online-developer-reveals-the-arcanist-class-new-skill-lines/
MLB The Show 23 brings Negro Leagues Baseball Museum and June live content info,"Steve PeerSr. Project Manager, San Diego Studio","Date published:June 15, 2023",3,39,https://blog.playstation.com/2023/06/15/mlb-the-show-23-brings-negro-leagues-baseball-museum-and-june-live-content-info/
Rogue Legacy 2 comes to PlayStation Plus Game Catalog on June 20,"Teddy LeeGame Designer, Cellar Door Games","Date published:June 14, 2023",4,68,https://blog.playstation.com/2023/06/14/rogue-legacy-2-comes-to-playstation-plus-game-catalog-on-june-20/
Sonic Superstars modernizes a classic formula – hands-on gameplay report,De’Angelo EppsPlayStation Blog Correspondent,"Date published:June 13, 2023",13,137,https://blog.playstation.com/2023/06/13/sonic-superstars-modernizes-a-classic-formula-hands-on-gameplay-report/
Summer Game Fest 2023: Hands-on highlights with 8 upcoming PlayStation titles,De’Angelo EppsPlayStation Blog Correspondent,"Date published:June 13, 2023",9,90,https://blog.playstation.com/2023/06/13/summer-game-fest-2023-hands-on-highlights-with-8-upcoming-playstation-titles/
"Capcom Showcase recap: Pragmata, Dragon’s Dogma 2, Exoprimal and more","Joseph BustosSocial Media and Community Manager, Capcom USA","Date published:June 12, 2023",9,92,https://blog.playstation.com/2023/06/12/capcom-showcase-recap-pragmata-dragons-dogma-2-exoprimal-and-more/
"How Avatar: Frontiers of Pandora immerses players in Pandora, launching December 7","Lucy O’BrienDirector, Editorial Communications, Ubisoft","Date published:June 12, 2023",8,106,https://blog.playstation.com/2023/06/12/how-avatar-frontiers-of-pandora-immerses-players-in-pandora-launching-december-7/
How Santa Monica Studio evolved Atreus’ bow wielding in God of War Ragnarök,Justin CorriePlayStation Blog Correspondent,"Date published:June 12, 2023",3,103,https://blog.playstation.com/2023/06/12/how-santa-monica-studio-evolved-atreus-bow-wielding-in-god-of-war-ragnarok/
The story of Venba’s culinary and cultural roots from Creative Director Abhi,"O’Dell Harmon Jr. (he/him)Specialist, Content Communications, SIE","Date published:June 12, 2023",3,54,https://blog.playstation.com/2023/06/12/the-story-of-venbas-culinary-and-cultural-roots-from-creative-director-abhi/
"Tower of Fantasy introduces a highly-stylized Eastern magical world, coming this summer to PlayStation","Sky WangLead Designer, Perfect World Games","Date published:June 12, 2023",14,185,https://blog.playstation.com/2023/06/12/tower-of-fantasy-introduces-a-highly-stylized-eastern-magical-world-coming-this-summer-to-playstation/
Final Fantasy XVI demo launches tomorrow,"Clara Hertzog (she/her)Content Communications Specialist, PlayStation","Date published:June 11, 2023",16,212,https://blog.playstation.com/2023/06/11/final-fantasy-xvi-demo-launches-tomorrow/
Mortal Kombat 1: PS5 hands-on report and Ed Boon Q&A,"Sid Shuman (he/him)Senior Director, SIE Content Communications","Date published:June 9, 2023",12,122,https://blog.playstation.com/2023/06/09/mortal-kombat-1-ps5-hands-on-report-and-ed-boon-qa/
Share of the Week: Tropical,"Kristen Zitani (she/her)Content Communications Specialist, SIE","Date published:June 9, 2023",1,54,https://blog.playstation.com/2023/06/09/share-of-the-week-tropical/
The Wilds await in Fortnite Battle Royale Chapter 4 Season 3,"Ryan BrosekerSenior Marketing Manager, Epic Games","Date published:June 9, 2023",5,76,https://blog.playstation.com/2023/06/09/the-wilds-await-in-fortnite-battle-royale-chapter-4-season-3/
Remnant II arrives on PS5 July 25,"John PearlDesign Director, Gunfire Games","Date published:June 8, 2023",5,59,https://blog.playstation.com/2023/06/08/remnant-ii-arrives-on-ps5-july-25/
"Marvel’s Spider-Man 2 arrives only on PS5 October 20, Collector’s & Digital Deluxe Editions detailed","James StevensonCommunity Director, Insomniac Games","Date published:June 8, 2023",257,"1,437",https://blog.playstation.com/2023/06/08/marvels-spider-man-2-arrives-only-on-ps5-october-20-collectors-digital-deluxe-editions-detailed/
"Lies of P demo available today, contains first two chapters","Ji Won ChoiProject Director, NEOWIZ","Date published:June 8, 2023",10,92,https://blog.playstation.com/2023/06/08/lies-of-p-demo-available-today-contains-first-two-chapters/
"Create, destroy, and rewind in Viewfinder, out July 18 – play the demo today","Gwen FosterDirector, Sad Owl Studios","Date published:June 8, 2023",7,67,https://blog.playstation.com/2023/06/08/create-destroy-and-rewind-in-viewfinder-out-july-18-play-the-demo-today/
AK-xolotl – the cute-but-deadly roguelite shooter hits PlayStation this fall,"Wout van HalderenPR Manager, Playstack","Date published:June 7, 2023",3,55,https://blog.playstation.com/2023/06/07/ak-xolotl-the-cute-but-deadly-roguelite-shooter-hits-playstation-this-fall/
"New battlegrounds arrive in Call of Duty: Modern Warfare II and Warzone Season 04, live June 14","Daniel NoelWriter, Activision","Date published:June 7, 2023",5,41,https://blog.playstation.com/2023/06/07/new-battlegrounds-arrive-in-call-of-duty-modern-warfare-ii-and-warzone-season-04-live-june-14/
F1 Manager 23 – Five exciting new features hit the track July 31,"Steve JamesCommunity Manager, Frontier Developments","Date published:June 7, 2023",1,28,https://blog.playstation.com/2023/06/07/f1-manager-23-five-exciting-new-features-hit-the-track-july-31/
Synapse hands-on report: an artistic PS VR2 shooter that puts the power of telekinesis in your hand,"Gillen McAllister (he/him)Manager, Content Communications, SIE","Date published:June 7, 2023",8,99,https://blog.playstation.com/2023/06/07/synapse-hands-on-report-an-artistic-ps-vr2-shooter-that-puts-the-power-of-telekinesis-in-your-hand/
PlayStation Store: May 2023’s top downloads,"O’Dell Harmon Jr. (he/him)Specialist, Content Communications, SIE","Date published:June 6, 2023",7,91,https://blog.playstation.com/2023/06/06/playstation-store-may-2023s-top-downloads/
Players’ Choice: Humanity voted May’s best new game,"O’Dell Harmon Jr. (he/him)Specialist, Content Communications, SIE","Date published:June 6, 2023",17,103,https://blog.playstation.com/2023/06/06/players-choice-vote-for-mays-best-new-game-3/
Three of Diablo IV’s developers’ favorite builds to explore the abyss,"Clara Hertzog (she/her)Content Communications Specialist, PlayStation","Date published:June 5, 2023",4,46,https://blog.playstation.com/2023/06/05/three-of-diablo-ivs-developers-favorite-builds-to-explore-the-abyss/
"Diablo IV interview: Paragon system, PvP, replayability and more",Justin CorriePlayStation Blog Correspondent,"Date published:June 2, 2023",7,62,https://blog.playstation.com/2023/06/02/diablo-iv-interview-paragon-system-pvp-replayability-and-more/
How Cammy and the classic cast got their Street Fighter 6 glow-ups,Heidi Kemps (she/her)PlayStation Blog Correspondent,"Date published:May 31, 2023",33,130,https://blog.playstation.com/2023/05/31/how-cammy-and-the-classic-cast-got-their-street-fighter-6-glow-ups/
Immortals of Aveum hands-on – new gameplay details,Justin CorriePlayStation Blog Correspondent,"Date published:May 31, 2023",4,54,https://blog.playstation.com/2023/05/31/immortals-of-aveum-hands-on-new-gameplay-details/
"Charge into battle in Battlefield 2042 – Season 5: New Dawn, deploying June 7","Ellie DaySenior Writer, EA","Date published:May 26, 2023",8,60,https://blog.playstation.com/2023/05/26/charge-into-battle-in-battlefield-2042-season-5-new-dawn-deploying-june-7/
Alone in the Dark Spotlight – Hollywood talent and new gameplay,"Tom MooreMarketing Manager, THQ Nordic","Date published:May 25, 2023",7,103,https://blog.playstation.com/2023/05/25/alone-in-the-dark-spotlight-hollywood-talent-and-new-gameplay/
Aliens: Dark Descent combines horror and strategy to create a bone-chilling tactical thriller,Romain ClavierGame Director and Head of Tindalos Interactive,"Date published:May 25, 2023",7,71,https://blog.playstation.com/2023/05/25/aliens-dark-descent-combines-horror-and-strategy-to-create-a-bone-chilling-tactical-thriller/
PlayStation Showcase recap: everything announced at today’s show,"Gillen McAllister (he/him)Manager, Content Communications, SIE","Date published:May 24, 2023",79,235,https://blog.playstation.com/2023/05/24/playstation-showcase-recap-everything-announced-at-todays-show/
"Final Fantasy XVI launch trailer, Salvation, revealed","Sunil GodhaniaSenior Social Media Manager, Square Enix","Date published:May 24, 2023",8,138,https://blog.playstation.com/2023/05/24/final-fantasy-xvi-launch-trailer-salvation-revealed/
Marvel’s Spider-Man 2 gameplay revealed,"Aaron Jason EspinozaSenior Community Manager, Insomniac Games","Date published:May 24, 2023",102,705,https://blog.playstation.com/2023/05/24/marvels-spider-man-2-gameplay-revealed/
Introducing Concord—a new PVP multiplayer FPS from Firewalk Studios coming to PS5 and PC,"Ryan EllisGame Director, Firewalk Studios","Date published:May 24, 2023",28,140,https://blog.playstation.com/2023/05/24/introducing-concord-a-new-pvp-multiplayer-fps-from-firewalk-studios-coming-to-ps5-and-pc/
Bungie unveils Marathon,"Brian EkbergEditorial Lead, Bungie","Date published:May 24, 2023",52,166,https://blog.playstation.com/2023/05/24/bungie-unveils-marathon/
"Watch the first trailer for Dragon’s Dogma 2, Capcom’s upcoming action-RPG","Ken MendozaPromotion Producer, Capcom","Date published:May 24, 2023",14,179,https://blog.playstation.com/2023/05/24/watch-the-first-trailer-for-dragons-dogma-2-capcoms-upcoming-action-rpg/
"Revealing Ultros, a psychedelic sci-fi side-scroller coming to PS5 and PS4 in 2024","Mårten BrüggemannGame Design Director, Hadoque","Date published:May 24, 2023",3,80,https://blog.playstation.com/2023/05/24/revealing-ultros-a-psychedelic-sci-fi-side-scroller-coming-to-ps5-and-ps4-in-2024/
"Tower of Fantasy, an immersive cyberpunk open-world RPG, hits PS5 and PS4 this summer","Sky WangLead Designer, Perfect World Games","Date published:May 24, 2023",10,139,https://blog.playstation.com/2023/05/24/tower-of-fantasy-an-immersive-cyberpunk-open-world-rpg-hits-ps5-and-ps4-this-summer/
Two new playable characters join the Granblue Fantasy: Relink roster,"Tetsuya FukuharaGeneral Director, Cygames Inc.","Date published:May 24, 2023",5,86,https://blog.playstation.com/2023/05/24/two-new-playable-characters-join-the-granblue-fantasy-relink-roster/
"Welcome to Revenant Hill, where your journey to become a witch’s familiar begins","Coby WestTechnical Designer, The Glory Society","Date published:May 24, 2023",6,116,https://blog.playstation.com/2023/05/24/welcome-to-revenant-hill-where-your-journey-to-become-a-witchs-familiar-begins/
"First Assassin’s Creed Mirage gameplay revealed, launches October 12","Maïté HayetAssociate Director, Global Communications & Strategy, Ubisoft","Date published:May 24, 2023",10,106,https://blog.playstation.com/2023/05/24/first-assassins-creed-mirage-gameplay-revealed-launches-october-12/
Alan Wake 2 launches on PS5 October 17,"Thomas PuhaCommunications Director, Remedy Entertainment","Date published:May 24, 2023",25,182,https://blog.playstation.com/2023/05/24/alan-wake-2-launches-on-ps5-october-17/
Towers of Aghasba hits PS5 next year – new gameplay details,"Saiprapanch AdloorGame Designer, Dreamlit inc.","Date published:May 24, 2023",5,98,https://blog.playstation.com/2023/05/24/towers-of-aghasba-hits-ps5-next-year-new-gameplay-details/
"Revealing Cat Quest: Pirates of the Purribean, coming to PS5 and PS4 next year","Desmond WongDesigner/Artist, The Gentlebros","Date published:May 24, 2023",9,65,https://blog.playstation.com/2023/05/24/revealing-cat-quest-pirates-of-the-purribean-coming-to-ps5-and-ps4-next-year/
